director_name,tier
Steven Spielberg,1
Woody Allen,1
Clint Eastwood,1
Martin Scorsese,1
Ridley Scott,1
Tim Burton,1
Steven Soderbergh,1
Spike Lee,1
Renny Harlin,1
Oliver Stone,1
Joel Schumacher,1
Michael Bay,1
Robert Rodriguez,1
Barry Levinson,1
Sam Raimi,1
Robert Zemeckis,1
John Carpenter,1
Ron Howard,1
Shawn Levy,1
Kevin Smith,1
Tony Scott,1
Brian De Palma,1
Richard Donner,1
Wes Craven,1
Peter Jackson,1
Chris Columbus,1
Francis Ford Coppola,1
Richard Linklater,1
Rob Cohen,1
Stephen Frears,1
Rob Reiner,1
David Fincher,1
John McTiernan,1
Brett Ratner,1
Paul W.S. Anderson,1
Bobby Farrelly,1
Lasse Hallström,1
Phillip Noyce,1
Danny Boyle,1
M. Night Shyamalan,1
Kenneth Branagh,1
Dennis Dugan,1
George A. Romero,1
Martin Campbell,1
Tyler Perry,1
Roland Emmerich,1
Marc Forster,1
George Miller,1
Zack Snyder,1
Bryan Singer,1
Ivan Reitman,1
Yimou Zhang,1
Adam Shankman,1
Ang Lee,1
Frank Oz,1
Neil Jordan,1
Edward Zwick,1
Jay Roach,1
Jaume Collet-Serra,1
Stephen Herek,1
Guy Ritchie,1
James Mangold,1
F. Gary Gray,1
David Gordon Green,1
Frank Coraci,1
Sam Mendes,1
Garry Marshall,1
Quentin Tarantino,1
Christopher Nolan,1
Joe Wright,1
David O. Russell,1
Simon West,1
Harold Ramis,1
Donald Petrie,1
Antoine Fuqua,1
Alfred Hitchcock,1
Wes Anderson,1
Peter Segal,1
Paul Greengrass,1
Todd Phillips,1
Louis Leterrier,1
Terry Gilliam,1
William Friedkin,1
Joe Dante,1
John Singleton,1
Roger Donaldson,1
Cameron Crowe,1
Stanley Kubrick,1
David Cronenberg,1
James Cameron,1
Catherine Hardwicke,1
Gus Van Sant,1
David Ayer,1
Malcolm D. Lee,1
Paul Schrader,1
Jon Favreau,1
Tobe Hooper,1
Mel Brooks,1
Jon Turteltaub,1
Wolfgang Petersen,1
Barry Sonnenfeld,1
Tom Shadyac,1
Gore Verbinski,1
Doug Liman,1
Paul McGuigan,1
Michael Winterbottom,1
James Ivory,1
James Wan,1
Mike Newell,1
Ethan Coen,1
Brian Levant,1
Brian Robbins,1
Jason Reitman,1
Peter Hyams,1
Peter Berg,1
Mike Nichols,1
Tim Story,1
Jonathan Liebesman,1
Taylor Hackford,1
Michael Moore,1
Roman Polanski,1
Robert Luketic,1
Raja Gosnell,1
Lana Wachowski,1
McG,1
Andy Tennant,1
Michael Mann,1
Chuck Russell,1
Atom Egoyan,1
Adam McKay,1
John Woo,1
Sidney Lumet,1
Bill Condon,1
Darren Aronofsky,1
Mark Waters,1
Timur Bekmambetov,1
Stephen Hopkins,1
Andy Fickman,1
Alejandro G. Iñárritu,1
Gary Fleder,1
Guy Hamilton,1
Michael Apted,1
Paul Thomas Anderson,1
David R. Ellis,1
Robert Schwentke,1
Paul Weitz,1
Paul Verhoeven,1
Curtis Hanson,1
Nancy Meyers,1
Fred Zinnemann,1
Frank Capra,1
Sydney Pollack,1
Jonathan Demme,1
Mira Nair,1
Neil Burger,1
Nicole Holofcener,1
Darren Lynn Bousman,1
Gary Winick,1
Brad Anderson,1
Peter Cattaneo,1
D.J. Caruso,1
Les Mayfield,1
Mike Leigh,1
Scott Derrickson,1
Rob Zombie,1
Tim Hill,1
Judd Apatow,1
George Clooney,1
John Madden,1
Steve Miner,1
Wayne Wang,1
John Frankenheimer,1
Norman Jewison,1
Stephen Daldry,1
Nicholas Stoller,1
Richard Lester,1
Anne Fletcher,1
John Whitesell,1
John Glen,1
John Landis,1
David Lynch,1
Andrew Niccol,1
David Zucker,1
Mark Neveldine,1
Uwe Boll,1
Kirk Jones,1
Richard LaGravenese,1
Andrzej Bartkowiak,1
Richard Fleischer,1
Lawrence Kasdan,1
Larry Charles,1
Miguel Arteta,1
Gavin O'Connor,1
Robert Redford,1
David Koepp,1
Kenny Ortega,1
Jean-Pierre Jeunet,1
Alexander Payne,1
Harold Becker,1
Rod Lurie,1
Scott Hicks,1
Brian Helgeland,1
Michael Polish,1
Brad Bird,1
Justin Lin,1
John Lasseter,1
Alex Proyas,1
Rob Marshall,1
Luc Besson,1
Baz Luhrmann,1
Paul Feig,1
Francis Lawrence,1
Guillermo del Toro,1
Lee Tamahori,1
Chris Weitz,1
Jon M. Chu,1
Rob Minkoff,1
Peter Chelsom,1
Ben Stiller,1
Eric Darnell,1
Kevin Reynolds,1
George Lucas,1
Tom Tykwer,1
Andrew Adamson,1
Jan de Bont,1
John Lee Hancock,1
John Sayles,1
Frank Marshall,1
Jim Sheridan,1
Rawson Marshall Thurber,1
Dean Parisot,1
Christopher McQuarrie,1
James McTeigue,1
Peter Hewitt,1
John Stockwell,1
David Bowers,1
Jaume Balagueró,1
Joe Johnston,1
Adrian Lyne,1
David Yates,1
Walt Becker,1
Stephen Sommers,1
Steve Oedekerk,1
Pierre Morel,1
Michel Gondry,1
Roger Spottiswoode,1
Keenen Ivory Wayans,1
David Frankel,1
Alex Kendrick,1
Christopher Guest,1
Sam Peckinpah,1
David Twohy,1
Joel Coen,1
Walter Hill,1
Iain Softley,1
Carlos Saldanha,1
John Dahl,1
Sean Anders,1
Alfonso Cuarón,1
Sam Weisman,1
Tim Johnson,1
Gabriele Muccino,1
Peyton Reed,1
Jeff Nichols,1
Peter Weir,1
Jay Chandrasekhar,1
James Wong,1
Terrence Malick,1
David Dobkin,1
Patrick Lussier,1
Peter Howitt,1
Penny Marshall,1
Terence Young,1
Roland Joffé,1
Matt Reeves,1
Luke Greenfield,1
Alexandre Aja,1
Hugh Wilson,1
Ronny Yu,1
Bille Woodruff,1
Hayao Miyazaki,1
George Tillman Jr.,1
Edward Burns,1
David Wain,1
Joss Whedon,1
David Lean,1
Jonathan Levine,1
John Ford,1
James Gray,1
Richard Brooks,1
Richard Attenborough,1
Jason Friedberg,1
Kimberly Peirce,1
Sergio Leone,1
Rob Letterman,1
Vincenzo Natali,1
Mike Mitchell,1
J.J. Abrams,1
Jonathan Lynn,1
Andrew Fleming,1
Bob Clark,1
Russell Mulcahy,1
Gavin Hood,1
Angelina Jolie Pitt,1
Julie Taymor,1
Amy Heckerling,1
Simon Wincer,1
Oliver Parker,1
Joseph Kosinski,1
Burr Steers,1
Bruce Beresford,1
Jonathan Mostow,1
Ken Kwapis,1
Matthew Vaughn,1
Nick Cassavetes,1
Jay Duplass,1
Jeff Tremaine,1
Jake Kasdan,1
Billy Wilder,1
Irwin Winkler,1
Sofia Coppola,1
Dennie Gordon,1
John Erick Dowdle,1
Paul Haggis,1
Nicolas Winding Refn,1
Jean-Jacques Annaud,1
Craig Gillespie,1
Randall Wallace,1
Michael Caton-Jones,1
Mikael Håfström,1
Brad Silberling,1
Steve Carr,1
Alejandro Amenábar,1
Martin Brest,1
Rob Bowman,1
Andrew Davis,1
Shane Meadows,1
Tarsem Singh,1
Frank Darabont,1
Betty Thomas,1
Edgar Wright,1
Jon Amiel,1
Mike Judge,1
Jonathan Frakes,1
Steven Brill,1
John Moore,1
Mark L. Lester,1
Phil Lord,1
Albert Hughes,1
Spike Jonze,1
John Milius,1
Ron Shelton,1
Anthony Russo,1
Rick Famuyiwa,1
James Bobin,1
Marc Webb,1
Henry Joost,1
Duncan Jones,1
John Waters,1
Roger Kumble,1
James Algar,1
John Hamburg,1
Trey Parker,1
Reginald Hudlin,1
Greg Mottola,1
Barbra Streisand,1
Anton Corbijn,1
William Brent Bell,1
Jon Lucas,1
John G. Avildsen,1
Nimród Antal,1
Noah Baumbach,1
Nora Ephron,1
John Schultz,1
Tom Hooper,1
James Foley,1
Peter Sollett,1
Mark Dindal,1
Chris Wedge,1
Todd Haynes,1
Danny DeVito,1
Florian Henckel von Donnersmarck,1
Richard Curtis,1
J.C. Chandor,1
Olivier Megaton,1
Jonathan Glazer,1
Warren Beatty,1
Brad Furman,1
Denis Villeneuve,1
Shana Feste,1
Thomas Carter,1
Roger Michell,1
Todd Solondz,1
Morgan Spurlock,1
Michael Tiddes,1
Don Coscarelli,1
David Raynr,1
Ron Underwood,1
Kevin Costner,1
Stephen Chow,1
George P. Cosmatos,1
Mike Binder,1
James Gunn,1
Richard Shepard,1
Michael Curtiz,1
Stephen Kay,1
Thomas Vinterberg,1
Jean-Marc Vallée,1
Tony Kaye,1
Victor Salva,1
Joe Carnahan,1
Charles Herman-Wurmfeld,1
Boaz Yakin,1
Michael Hoffman,1
Neil Marshall,1
Lars von Trier,1
Jared Hess,1
Fernando Meirelles,1
Victor Fleming,1
Jodie Foster,1
Rupert Wyatt,1
Lewis Gilbert,1
George Sidney,1
Daniel Espinosa,1
Randal Kleiser,1
Jeff Wadlow,1
Gary Ross,1
Pete Docter,1
Davis Guggenheim,1
Kathryn Bigelow,1
Charles Ferguson,1
Thor Freudenthal,1
Niki Caro,1
Richard Kelly,1
Gurinder Chadha,1
John Schlesinger,1
Mimi Leder,1
Brian Trenchard-Smith,1
Anthony Minghella,1
Jean-Marie Poiré,1
Stefan Ruzowitzky,1
Barbet Schroeder,1
Kar-Wai Wong,1
Douglas McGrath,1
Dean DeBlois,1
Seth Gordon,1
Lee Daniels,1
Neil LaBute,1
Leonard Nimoy,1
Charles Martin Smith,1
Bruce McCulloch,1
Steve Pink,1
Bibo Bergeron,1
Chris Rock,1
Eli Roth,1
Robert Wise,1
Kevin Rodney Sullivan,1
John Hillcoat,1
Richard Benjamin,1
Pete Travis,1
Sergey Bodrov,1
Michael Ritchie,1
Patricia Riggen,1
Michael Schultz,1
James DeMonaco,1
Jon Avnet,1
Jon Gunn,1
Kevin Macdonald,1
Baltasar Kormákur,1
Ruben Fleischer,1
Mel Gibson,1
Len Wiseman,1
Josh Trank,1
John Pasquin,1
Seth MacFarlane,1
John Cameron Mitchell,1
José Padilha,1
Nicholas Hytner,1
Jane Campion,1
Jay Russell,1
Gina Prince-Bythewood,1
King Vidor,1
Brad Peyton,1
Elia Kazan,1
Tom Dey,1
Kasi Lemmons,1
Milos Forman,1
Ron Clements,1
Jesse Dylan,1
Breck Eisner,1
James L. Brooks,1
John Boorman,1
Scott Cooper,1
Gregory Hoblit,1
Kelly Reichardt,1
Marc Lawrence,1
Andrew Stanton,1
Frank Miller,1
Neill Blomkamp,1
Stephen Gaghan,1
Alan Parker,1
Jerry Zucker,1
Carl Franklin,1
Akiva Schaffer,1
Will Gluck,1
Tamra Davis,1
Don Bluth,1
Tony Gilroy,1
Glenn Ficarra,1
Anand Tucker,1
Howard Deutch,1
Walter Salles,1
Richard Loncraine,1
Michael Haneke,1
Jon Knautz,1
Shekhar Kapur,1
Dominic Sena,1
David Slade,1
James Cox,1
Michael Lehmann,1
David S. Goyer,1
Robert Iscove,1
Chan-wook Park,1
Joe Nussbaum,1
Franklin J. Schaffner,1
Robert Altman,1
John Wells,1
Michael Herz,1
Danny Leiner,1
Stanley Kramer,1
Julian Gilbey,1
Dwight H. Little,1
Guillaume Canet,1
Patricia Cardoso,1
Carol Reed,1
Nigel Cole,1
Ole Bornedal,1
Christopher Cain,1
Rachel Talalay,1
Carroll Ballard,1
Jack Smight,1
Ira Sachs,1
Howard Zieff,1
Steven Shainberg,1
Craig R. Baxley,1
Julian Jarrold,1
Dexter Fletcher,1
Darren Stein,1
Jill Sprecher,1
Ric Roman Waugh,1
Bill Paxton,1
Ben Wheatley,1
Don Michael Paul,1
Vic Sarin,1
Sylvain White,1
Vadim Perelman,1
Clare Kilner,1
Sheldon Lettich,1
Laurent Tirard,1
Gillian Armstrong,1
Camille Delamarre,1
Gaspar Noé,1
Pan Nalin,1
Tommy Lee Jones,1
Karen Moncrieff,1
Ben Falcone,1
Elizabeth Banks,1
Kurt Hale,1
Greg Harrison,1
Andrew Dominik,1
Nicholas Meyer,1
Todd Field,1
Joe Swanberg,1
Steve Boyum,1
Michael Radford,1
Niels Arden Oplev,1
Tom Holland,1
Andy Cadiff,1
Jee-woon Kim,1
Morten Tyldum,1
Robert Greenwald,1
Richard Eyre,1
Callie Khouri,1
Kenneth Lonergan,1
Tamara Jenkins,1
Fred Wolf,1
Bernardo Bertolucci,1
John Polson,1
Chris Kentis,1
Steve Buscemi,1
Yash Chopra,1
Ted Post,1
James Watkins,1
Stuart Gordon,1
Scott Marshall,1
Bob Rafelson,1
Sanaa Hamri,1
William Gazecki,1
Kevin Allen,1
Stewart Raffill,1
Adam Rifkin,1
Jamie Blanks,1
E. Elias Merhige,1
Colin Trevorrow,1
Philip Kaufman,1
Todd Graff,1
Jake Schreier,1
Marco Kreuzpaintner,1
Akira Kurosawa,1
Werner Herzog,1
Michael Landon Jr.,1
Hao Ning,1
Kevin Tancharoen,1
Dan Curtis,1
Chris Koch,1
Elizabeth Allen Rosenbaum,1
Stacy Peralta,1
Joel Edgerton,1
George Hickenlooper,1
Ti West,1
Olivier Assayas,1
Bart Freundlich,1
Steve Rash,1
William Dear,1
Martin McDonagh,1
David Hackl,1
Mary Lambert,1
Pawel Pawlikowski,1
Courtney Solomon,1
Thomas Bezucha,1
John Turturro,1
Martin Ritt,1
Eric Valette,1
Nelson McCormick,1
Victor Nunez,1
Steve Beck,1
Sean McNamara,1
Craig Brewer,1
Karan Johar,1
Léa Pool,1
Katsuhiro Ôtomo,1
Stephan Elliott,1
Mike Nawrocki,1
Mark Rosman,1
Leslie Small,1
Salim Akil,1
Paul Gross,1
Michael Dowse,1
Douglas Aarniokoski,1
Daniel Barnz,1
Derek Cianfrance,1
Lone Scherfig,1
Billy Ray,1
Alejandro Monteverde,1
Shane Black,1
Glen Morgan,1
Mike Cahill,1
Joseph Zito,1
Mark Herman,1
Brian Koppelman,1
Michael Mayer,1
Michael O. Sajbel,1
Vic Armstrong,1
Terry Zwigoff,1
David Schwimmer,1
Takashi Shimizu,1
Tim Blake Nelson,1
Marcus Raboy,1
Claude Chabrol,1
James Marsh,1
Jessie Nelson,1
Kevin Greutert,1
Richard Schenkman,1
Jon Cassar,1
Anne Fontaine,1
Tony Goldwyn,1
C. Jay Cox,1
Preston A. Whitmore II,1
Kevin Spacey,1
Robert Harmon,1
Harry Elfont,1
Christopher Smith,1
Larry Clark,1
George Gallo,1
Jamie Babbit,1
Wayne Kramer,1
Herbert Ross,1
Mario Van Peebles,1
Teddy Chan,1
Whit Stillman,1
Rowdy Herrington,1
J. Lee Thompson,1
Vincent Gallo,1
Uli Edel,1
Tom McCarthy,1
Youssef Delara,1
Gregor Jordan,1
Mark Romanek,1
Eric Bross,1
Simon Curtis,1
Ava DuVernay,1
Bob Saget,1
Jason Stone,1
Steve McQueen,1
Jeannot Szwarc,1
Daisy von Scherler Mayer,1
David DeCoteau,1
Rodrigo Cortés,1
Bob Odenkirk,1
Mark Brown,1
Denzel Washington,1
Xavier Gens,1
Juan José Campanella,1
John Curran,1
Rowan Joffe,1
Craig Moss,1
Sam Miller,1
Dennis Iliadis,1
Richard Kwietniowski,1
Blake Edwards,1
Ed Harris,1
Julian Schnabel,1
Kurt Wimmer,1
Peter Hedges,1
William Malone,1
J.A. Bayona,1
Joseph Kahn,1
Frederik Du Chau,1
Justin Chadwick,1
Christian Duguay,1
Josh Gordon,1
Mike Figgis,1
Mitch Davis,1
Dave Green,1
Colin Strause,1
Lynne Ramsay,1
Travis Legge,1
Wes Ball,1
Ryan Murphy,1
Hideaki Anno,1
David McNally,1
Kirk De Micco,1
Steven Zaillian,1
Sam Taylor-Johnson,1
Nick Love,1
Patrick Stettner,1
Morgan J. Freeman,1
Griffin Dunne,1
Jerry Jameson,1
Daniel Lee,1
Christian Alvart,1
DJ Pooh,1
Clark Johnson,1
Michael Tollin,1
Kevin Munroe,1
Irvin Kershner,1
Tony Richardson,1
Randall Miller,1
Ryan Coogler,1
Michael Cuesta,1
David Leland,1
Rodrigo García,1
Fenton Bailey,1
Jeb Stuart,1
Jeremy Saulnier,1
Luis Mandoki,1
Mike Mills,1
Cédric Klapisch,1
William Kaufman,1
Allison Anders,1
Roger Avary,1
Will Finn,1
Ernie Barbarash,1
Joon-ho Bong,1
Geoffrey Sax,1
Evan Goldberg,1
Julie Anne Robinson,1
Shari Springer Berman,1
George Armitage,1
John Huston,1
Patrick Read Johnson,1
Costa-Gavras,1
David Hewlett,1
Simon Wells,1
Peter Webber,1
Andrew Bergman,1
Kevin Bray,1
Jimmy Hayward,1
Steven Quale,1
Jon Hurwitz,1
Mark Osborne,1
Zal Batmanglij,1
Tommy Wirkola,1
Angela Robinson,1
Peter Lord,1
Bennett Miller,1
Joe Roth,1
Karyn Kusama,1
Ron Maxwell,1
Dan O'Bannon,2
George Roy Hill,2
Phyllida Lloyd,2
Matt Birch,2
Walter Lang,2
John Herzfeld,2
Deepa Mehta,2
Stuart Baird,2
Chris Miller,2
Mark Pellington,2
Zach Braff,2
Mark Steven Johnson,2
Alan Taylor,2
Michael Cimino,2
Scott Stewart,2
Brian Gibson,2
Ben Affleck,2
Oren Peli,2
Danny Pang,2
Billy Bob Thornton,2
Sean Penn,2
Paul Andrew Williams,2
Mathieu Kassovitz,2
John A. Davis,2
Joel Zwick,2
Harald Zwart,2
Luis Llosa,2
Jonas Åkerlund,2
Andrew Erwin,2
Ted Kotcheff,2
Gil Junger,2
Michael Lembeck,2
Michael Rymer,2
Matty Rich,2
Lawrence Guterman,2
Eric Brevig,2
Chris Noonan,2
Rian Johnson,2
Ericson Core,2
Tom Vaughan,2
J.B. Rogers,2
Ariel Vromen,2
Troy Duffy,2
Hyung-rae Shim,2
Ken Scott,2
François Ozon,2
John Luessenhop,2
Steve James,2
Danny Cannon,2
Jacques Perrin,2
Oliver Hirschbiegel,2
John Carney,2
Michael Corrente,2
Hugh Hudson,2
Steve Martino,2
David Mamet,2
Joel Paul Reisig,2
Lee Toland Krieger,2
Mick Jackson,2
Charles Stone III,2
Alan J. Pakula,2
Andrey Konchalovskiy,2
Genndy Tartakovsky,2
Kevin Lima,2
Roger Allers,2
Brett Leonard,2
Tate Taylor,2
Jesse Peretz,2
Phil Joanou,2
Bob Fosse,2
Tom Hanks,2
Sylvester Stallone,2
John R. Leonetti,2
Mike Flanagan,2
Chris Stokes,2
Tim McCanlies,2
Richard Glatzer,2
Rand Ravich,2
Tim Robbins,2
Jim Gillespie,2
Henry Selick,2
Bille August,2
Pierre Coffin,2
Ol Parker,2
Gary Trousdale,2
Jean-Luc Godard,2
Jean-Paul Rappeneau,2
Susanna White,2
Andrew Bujalski,2
Gil Kenan,2
Tommy O'Haver,2
Scott Mann,2
Craig Mazin,2
James Toback,2
Stephen Norrington,2
Vicky Jewson,2
Marc Bennett,2
Harmage Singh Kalirai,2
Dan Perri,2
Marielle Heller,2
Rita Merson,2
David Duchovny,2
William Wyler,2
Jerry Belson,2
Petter Næss,2
Dave Payne,2
Orson Welles,2
Dan Rush,2
Robert Fontaine,2
Simon Yin,2
Shyam Madiraju,2
Mitchell Lichtenstein,2
Barrett Esposito,2
William H. Macy,2
Jeff Crook,2
Hayley Cloake,2
Xavier Beauvois,2
Tanner Beard,2
Nick Murphy,2
Bob Giraldi,2
Huck Botko,2
Robby Henson,2
Fatih Akin,2
J.S. Cardone,2
Zackary Adler,2
Jay Levey,2
Dominic Burns,2
Nicholaus Goossen,2
Jirí Menzel,2
Carmen Marron,2
Harald Reinl,2
Tay Garnett,2
Phil Morrison,2
Stanton Barrett,2
Ronan Chapalain,2
Jerry Rees,2
Jaco Booyens,2
Paul Bunnell,2
Danny Steinmann,2
Ice Cube,2
Mike Mayhall,2
David Sington,2
Jim Amatulli,2
Brad Copeland,2
Lance Mungia,2
Bill Duke,2
Gary Rogers,2
Hunter Richards,2
Kevin Tenney,2
Laurie Collyer,2
Jim Jarmusch,2
Steve Carver,2
Nicholas Fackler,2
Eli Craig,2
Hue Rhodes,2
Gonzalo López-Gallego,2
Christine Jeffs,2
Dennis Hopper,2
Robert Rossen,2
Jack Conway,2
Sylvain Chomet,2
Simon Napier-Bell,2
Max Joseph,2
Brian Yuzna,2
Chris Eyre,2
James Manera,2
Jugal Hansraj,2
Noah Buschel,2
Errol Morris,2
Bill Muir,2
Danny Provenzano,2
Debra Granik,2
Henry King,2
Feroz Abbas Khan,2
Fred Walton,2
Aaron Hann,2
Richard Wallace,2
Chia-Liang Liu,2
Chris Shadley,2
Neil Mcenery-West,2
Miranda July,2
Colin Minihan,2
Anthony O'Brien,2
Brian Dannelly,2
Bruce Malmuth,2
Klaus Menzel,2
John Simpson,2
Mamoru Hosoda,2
Rob Hedden,2
Harmony Korine,2
Kundan Shah,2
Danny Perez,2
Joe Chappelle,2
Ralph Ziman,2
Matthew Hastings,2
Phil Claydon,2
Frank Borzage,2
Mickey Liddell,2
Denys Arcand,2
Billy Kent,2
Ari Folman,2
David Robert Mitchell,2
Robert Mulligan,2
Conor McMahon,2
Joe Cross,2
Frank LaLoggia,2
Howard Hawks,2
Jim Mickle,2
Karim Aïnouz,2
Sam Levinson,2
Aleksandr Veledinskiy,2
Christopher Leitch,2
Nnegest Likké,2
Peter H. Hunt,2
Ruba Nadda,2
Howard Hughes,2
Bruce Macdonald,2
Benny Boom,2
John Maclean,2
Adam Marcus,2
Sean Byrne,2
Tom McLoughlin,2
Mark Griffiths,2
Kunihiko Yuyama,2
Jack Sholder,2
Fernando León de Aranoa,2
Damien O'Donnell,2
Peter M. Cohen,2
Mel Stuart,2
Leslye Headland,2
Andrea Arnold,2
Ruggero Deodato,2
Gavin Wiesen,2
Mora Stephens,2
Matthew Bright,2
Enrique Begne,2
Jason Eisener,2
David Nixon,2
Mars Callahan,2
Leos Carax,2
Stefan Schwartz,2
Robert Lee King,2
Tom Schulman,2
Jorge Ramírez Suárez,2
Anthony Hickox,2
Dan Ireland,2
Tod Williams,2
Doug Walker,2
Ron Fricke,2
Anthony C. Ferrante,2
Eldar Rapaport,2
Robert Eggers,2
Luc Jacquet,2
Antonio Simoncini,2
Daniel Petrie Jr.,2
Michael Martin,2
Gideon Raff,2
Louis C.K.,2
Mark Young,2
Richard Raymond,2
Salvador Carrasco,2
Jay Oliva,2
Charles Adelman,2
Avi Nesher,2
André Øvredal,2
Amanda Gusack,2
Robert Cary,2
Warren P. Sonoda,2
Clark Gregg,2
Damien Chazelle,2
Justin Kerrigan,2
Nathan Frankowski,2
Brandon Cronenberg,2
John Gulager,2
Joshua Marston,2
Max Mayer,2
Alan Jacobs,2
Christopher Morris,2
Andrucha Waddington,2
Peter Stebbings,2
Scott Dow,2
Vincente Minnelli,2
Dagur Kári,2
Laurent Cantet,2
Jim Abrahams,2
Kevin Carraway,2
Eric Styles,2
Jennifer Finnigan,2
Michael Gornick,2
Bobby Roth,2
Dave McKean,2
Jeremy Brock,2
Mike van Diem,2
Alison Maclean,2
Robert Sarkies,2
Éric Tessier,2
Don Taylor,2
Tommy Lee Wallace,2
Dinesh D'Souza,2
Carlos Saura,2
Beto Gómez,2
Adam Rapp,2
Agnieszka Wojtowicz-Vosloo,2
Stanley Donen,2
Tony Giglio,2
René Féret,2
Nacho Vigalondo,2
Barry Skolnick,2
Johnnie To,2
Frank Sebastiano,2
Mateo Gil,2
Tom Kalin,2
Alice Wu,2
Sarah Gavron,2
Isabel Coixet,2
Scott Foley,2
Benni Diez,2
John Murlowski,2
Christophe Ali,2
Alex Rivera,2
Gabriela Tagliavini,2
James Dodson,2
Shekar,2
Reed Cowan,2
Shona Auerbach,2
Michael D. Sellers,2
Tim Boxell,2
Joshua Tickell,2
James Ponsoldt,2
Leonard Farlinger,2
Michel Leclerc,2
Analeine Cal y Mayor,2
Lukas Moodysson,2
Alex van Warmerdam,2
Tim Heidecker,2
James Melkonian,2
Duane Journey,2
Michael Jai White,2
Lisa Cholodenko,2
John Sturges,2
William Arntz,2
Marcio Garcia,2
Ed Gass-Donnelly,2
Francesca Gregorini,2
Lance Kawas,2
Thorbjørn Christoffersen,2
Philip Zlotorynski,2
Will Canon,2
Conor McPherson,2
Jason Alexander,2
Deon Taylor,2
Rick de Oliveira,2
Jeff Franklin,2
Kate Connor,2
Paolo Monico,2
Darin Scott,2
Christian Sesma,2
Monte Hellman,2
Rohit Jugraj,2
Rajkumar Hirani,2
Kabir Sadanand,2
John Carl Buechler,2
Hank Braxtan,2
Leon Ford,2
Peter DeLuise,2
Raja Menon,2
Heidi Ewing,2
R. Balki,2
Susan Seidelman,2
Ivan Engler,2
Isaac Florentine,2
Cecil B. DeMille,2
Chris D'Arienzo,2
Henry Hobson,2
Brian Caunter,2
Tony Bancroft,2
Randall Rubin,2
Derick Martini,2
Franck Khalfoun,2
Eric Mendelsohn,2
Niall Johnson,2
Gregory Widen,2
Lauren Lazin,2
Yorgos Lanthimos,2
Paul Fierlinger,2
Chad Kapper,2
Doug Block,2
Sam Firstenberg,2
Henry Alex Rubin,2
Mor Loushy,2
Harry Beaumont,2
Tom Seidman,2
Roger Nygard,2
D.W. Griffith,2
Ingmar Bergman,2
Cassandra Nicolaou,2
Ari Kirschenbaum,2
Paul Fox,2
Lucio Fulci,2
Matt Jackson,2
Ray Griggs,2
Jonathan Caouette,2
Sue Corcoran,2
Florence Ayisi,2
Michael Roemer,2
Eddie O'Flaherty,2
Babar Ahmed,2
Corbin Bernsen,2
Rachel Goldenberg,2
Hilary Brougher,2
Stuart Hazeldine,2
Lori Silverbush,2
Michael Kang,2
Al Franklin,2
Drake Doremus,2
Bill Plympton,2
Emma-Kate Croghan,2
Daniel Columbie,2
Piyush Dinker Pandya,2
Maria Maggenti,2
Ken Del Conte,2
Craig Zobel,2
Jack Perez,2
Herb Freed,2
Étienne Faure,2
Jerome Elston Scott,2
Pece Dingo,2
Bruce Dellis,2
Paul Bartel,2
John D. Hancock,2
Eric England,2
Kay Pollak,2
Joe Kenemore,2
Eric Schaeffer,2
Joseph Dorman,2
Siddiq Barmak,2
Barry W. Blaustein,2
Patrick Creadon,2
Brian Baugh,2
Marilyn Agrelo,2
John 'Bud' Cardos,2
Matt Walsh,2
Joe Camp,2
Blaz Zavrsnik,2
Amy Holden Jones,2
U. Roberto Romano,2
Michael Walker,2
Thomas Lilti,2
Lance McDaniel,2
Johanna Schwartz,2
Richard Montoya,2
Scott Ziehl,2
Gene Teigland,2
Michael Wadleigh,2
Daniel Myrick,2
Mark Sandrich,2
Anna Mastro,2
Jacob Aaron Estes,2
Neema Barnette,2
Lloyd Bacon,2
Molly Bernstein,2
Matthew Watts,2
Lloyd Kaufman,2
Hans Canosa,2
Alec Asten,2
Luke Dye,2
Catherine Gund,2
Justin Paul Miller,2
Warren Sheppard,2
Fernando Baez Mella,2
Jack Heller,2
Georgia Hilton,2
Patrick Gilles,2
Michael Hoffman Jr.,2
Daston Kalili,2
Stephen Kijak,2
Alex Craig Mann,2
Sol Tryon,2
Jonathan Parker,2
Gareth Edwards,2
Alex Smith,2
Quentin Dupieux,2
Tom DiCillo,2
Marius A. Markevicius,2
Jamin Winans,2
Jason Naumann,2
Jerry Dugan,2
Wade Gasque,2
Patrick Meaney,2
William Eubank,2
Dave Carroll,2
Andrew Leman,2
Jem Cohen,2
Daniel Mellitz,2
Terron R. Parsons,2
Lena Dunham,2
Bruno Barreto,2
Matt Johnson,2
Daniel Schechter,2
Joseph Green,2
Matt Cimber,2
Brandon Trost,2
Brett Piper,2
Myles Berkowitz,2
Julie Davis,2
Sut Jhally,2
Jason Miller,2
Laslo Benedek,2
Patrick Ryan Sims,2
John Reinhardt,2
Dan Reed,2
Lisanne Pajot,2
Chad Hartigan,2
Malcolm Goodwin,2
Kevin Jordan,2
Kirk Loudon,2
Benjamin Roberds,2
Scott Smith,2
Anthony Vallone,2
Neill Dela Llana,2
Shane Carruth,2
Ash Baron-Cohen,2
Thomas L. Phillips,2
Tadeo Garcia,2
Kiyoshi Kurosawa,2
Ivan Kavanagh,2
Jafar Panahi,2
Jason Trost,2
Daryl Wein,2
Jim Chuchu,2
Brandon Landers,2
Marcus Nispel,2
Joseph Mazzella,2
Eric Eason,2
James Bidgood,2
Damir Catic,2
Mike Bruce,2
Bradley Rust Gray,2
Collin Joseph Neal,2
E.L. Katz,2
Stephen Langford,2
Larry Blamire,2
Rania Attieh,2
James Kerwin,2
Nadia Tass,2
Ricki Stern,2
Marianna Palka,2
Carl Theodor Dreyer,2
Chris Marker,2
Livingston Oden,2
Stevan Mena,2
Justin Dillon,2
Sherman Alexie,2
David G. Evans,2
Maurizio Benazzo,2
Lowell Sherman,2
Eugène Lourié,2
Al Silliman Jr.,2
Jon Shear,2
Tom Putnam,2
James O'Brien,2
Zoran Lisinac,2
Ward Roberts,2
Kristin Rizzo,2
Andrew Hyatt,2
Sam Martin,2
C. Fraser Press,2
Sharon Greytak,2
Jamaa Fanaka,2
Majid Majidi,2
Robert Townsend,2
Harry F. Millarde,2
Travis Cluff,2
Nathan Smith Jones,2
Nate Parker,2
Valentine,2
Lynn Shelton,2
Andrew Berends,2
Amal Al-Agroobi,2
Sai Varadan,2
Sara Newens,2
Deborah Anderson,2
Dena Seidel,2
Bill Melendez,2
Eric Bugbee,2
Pat Holden,2
Michel Orion Scott,2
Robinson Devor,2
Ken Roht,2
Melvin Van Peebles,2
Nicolae Constantin Tanase,2
Cary Bell,2
Andrew Haigh,2
Travis Romero,2
Ryan Smith,2
Bill Benenson,2
Edward Dmytryk,2
Paul Donovan,2
Sadyk Sher-Niyaz,2
Boris Rodriguez,2
Rich Cowan,2
Ham Tran,2
Robert M. Young,2
Leslie H. Martinson,2
David Worth,2
Mathieu Amalric,2
Alex Ranarivelo,2
Zak Penn,2
Lucrecia Martel,2
Chris Atkins,2
William Cottrell,2
Russell Friedenberg,2
Tara Subkoff,2
Timothy Woodward Jr.,2
Frank Lotito,2
David Winning,2
Nae Caranfil,2
Dave Rodriguez,2
David Ray,2
Gerard Johnstone,2
Jaime Zevallos,2
Jonathan Kesselman,2
Arjun Sablok,2
Tyler Oliver,2
Douglas Cheek,2
Regardt van den Bergh,2
Guy Maddin,2
Harry Gantz,2
Jeff Burr,2
Rob McKittrick,2
Dylan Bank,2
Jay Alaimo,2
Ossie Davis,2
Brenton Spencer,2
Justin Thomas Ostensen,2
Adam Jay Epstein,2
David Caffrey,2
Tom Sanchez,2
Laurent Bouhnik,2
James David Pasternak,2
Kurt Voss,2
Steve Taylor,2
Anna Muylaert,2
David Boyd,2
Claudia Sainte-Luce,2
Giovanni Zelko,2
Henry Hathaway,2
Deryck Broom,2
James Mottern,2
Bruce McDonald,2
Adam Carolla,2
Ritesh Batra,2
Steven R. Monroe,2
David Hunt,2
Richard Boddington,2
Lucky McKee,2
Corey Grant,2
W.D. Hogan,2
Mitchell Altieri,2
Tony Krantz,2
Khyentse Norbu,2
Jonathan Wacks,2
Vijay Chandar,2
Vera Farmiga,2
Maggie Greenwald,2
Benh Zeitlin,2
Carlos Carrera,2
Daniel Stamm,2
Jamal Hill,2
John Laing,2
Remo,2
Pascal Arnold,2
Jehane Noujaim,2
Richard Ayoade,2
Tim Hunter,2
Mark Illsley,2
Sally Potter,2
Bruce Campbell,2
Brad J. Silverman,2
Pete Jones,2
Charles Chaplin,2
Adam Green,2
Qasim Basir,2
Jeff Garlin,2
Simeon Rice,2
Henry Bean,2
Maggie Carey,2
Rebecca Miller,2
Dror Moreh,2
Fabián Bielinsky,2
Alex Cox,2
Newt Arnold,2
Adrienne Shelly,2
Travis Zariwny,2
Adam Goldberg,2
François Truffaut,2
Romesh Sharma,2
Eytan Fox,2
Lluís Quílez,2
Nadine Labaki,2
David M. Matthews,2
Dave Meyers,2
Panos Cosmatos,2
Gareth Evans,2
Matthew R. Anderson,2
Mariette Monpierre,2
Maryam Keshavarz,2
Brian Dorton,2
Cristian Mungiu,2
Kat Coiro,2
Sanjay Rawal,2
Allison Burnett,2
Blair Erickson,2
Ralph Nelson,2
Jonathan Meyers,2
K. King,2
Robert Hall,2
Jeffrey St. Jules,2
D. Stevens,2
Robert Heath,2
Katie Aselton,2
Michael Taliferro,2
Stefan C. Schaefer,2
Mikel Rueda,2
Kevin Hamedani,2
Charlie Levi,2
Lori Petty,2
Mary Pat Kelly,2
Robert Bennett,2
Ramaa Mosley,2
Tommy Oliver,2
David Cross,2
Jamie Travis,2
Randy Moore,2
H.M. Coakley,2
Christopher Scott Cherot,2
Jennifer Wynne Farmer,2
Ryan Fleck,2
Emily Dell,2
Caryn Waechter,2
David LaChapelle,2
Christopher Hutson,2
Oliver Blackburn,2
Matt Maiellaro,2
Clark Baker,2
Ryan Little,2
Shane Dawson,2
Catherine Jelski,2
Michael Burke,2
Jorge Gaggero,2
Daniel Davila,2
Georg Wilhelm Pabst,2
Justin Molotnikov,2
Asghar Farhadi,2
Natalie Bible',2
Rich Christiano,2
Robert Duvall,2
Katherine Brooks,2
Joe Marino,2
Richard Dutcher,2
Greg Berlanti,2
Chris Paine,2
Morgan Neville,2
Courtney Hunt,2
Gillian Robespierre,2
Sean Durkin,2
Craig Johnson,2
Robert Kenner,2
Ben Lewin,2
Andrew Steggall,2
Allan Dwan,2
Robert D. Webb,2
Russ Meyer,2
Duncan Tucker,2
Takao Okawara,2
Harold Cronk,2
Clive Barker,2
Bradley Parker,2
Levan Gabriadze,2
Mona Fastvold,2
Douglas Trumbull,2
Shimit Amin,2
Joel Anderson,2
Marc Levin,2
Khalid Mohamed,2
Wajahat Rauf,2
Finn Taylor,2
Amat Escalante,2
Frank Whaley,2
A. Raven Cruz,2
Hal Haberman,2
Benjamin Dickinson,2
Eric Nicholas,2
Becky Smith,2
Dan Zukovic,2
Nickolas Perry,2
Nick Tomnay,2
Vivek Agnihotri,2
Johnny Remo,2
Kief Davidson,3
Anthony Powell,3
Rohit Jagessar,3
Paul Crowder,3
Alex Gibney,3
Joshua Oppenheimer,3
Efram Potelle,3
Goran Dukic,3
Scandar Copti,3
Gia Coppola,3
José Luis Valenzuela,3
Frank Perry,3
Eric Lartigau,3
Maurice Joyce,3
Laurence Dunmore,3
Daniel Sackheim,3
Mike Bigelow,3
Christopher Spencer,3
Russell Crowe,3
Lee Unkrich,3
Fred Durst,3
Jerry Zaks,3
Joseph Sargent,3
Michael Dinner,3
Jonathan Newman,3
Mary McGuckian,3
Richard Williams,3
Grant Heslov,3
Bonnie Hunt,3
Sergey Bondarchuk,3
Jonathan English,3
Inna Evlannikova,3
Jérôme Deschamps,3
Ben Stassen,3
Giuseppe Tornatore,3
Robert Towne,3
Fred Dekker,3
Christian Carion,3
Li Zhang,3
David Palmer,3
Michael Spierig,3
John McNaughton,3
Todd Strauss-Schulson,3
Joshua Logan,3
John Patrick Shanley,3
Gregory Nava,3
Gary Nelson,3
Jun Falkenstein,3
Mennan Yapo,3
Steve Trenbirth,3
Robin Budd,3
Aaron Seltzer,3
Thea Sharrock,3
Penelope Spheeris,3
Jim Sonzero,3
Colin Higgins,3
John Duigan,3
Tomas Alfredson,3
Joshua Michael Stern,3
Katt Shea,3
Stuart Gillard,3
Jeffrey W. Byrd,3
Marcos Siega,3
John Guillermin,3
Jonathan Kaplan,3
Alan Shapiro,3
Michael Cohn,3
Andrew Morahan,3
Michael Cristofer,3
Scott Frank,3
Menno Meyjes,3
Walter Murch,3
Saul Dibb,3
Agustín Díaz Yanes,3
Robert B. Weide,3
Janusz Kaminski,3
Shinji Aramaki,3
Igor Kovalyov,3
John Maybury,3
Don Mancini,3
Edward Norton,3
Greg Tiernan,3
Liliana Cavani,3
Maksim Fadeev,3
Olivier Dahan,3
Frédéric Auburtin,3
Oleg Stepchenko,3
Mark Andrews,3
Michael Pressman,3
Tim Fywell,3
Pascal Chaumeil,3
Ringo Lam,3
Carter Smith,3
Steve Barron,3
James Bridges,3
Jeff Schaffer,3
Philip G. Atwell,3
Troy Nixey,3
Jeremy Leven,3
Damien Dante Wayans,3
Sharon Maguire,3
Bob Spiers,3
Kirsten Sheridan,3
Steve Bendelack,3
Mark Helfrich,3
Chris Nahon,3
John Eng,3
Cathy Malkasian,3
Peter Sohn,3
Gabor Csupo,3
Jim Field Smith,3
Anthony Bell,3
Jessica Bendinger,3
Mike Marvin,3
Noel Marshall,3
Jim Goddard,3
Ian Iqbal Rashid,3
Sidney J. Furie,3
Fede Alvarez,3
Nicholas Ray,3
Gary Halvorson,3
Trent Cooper,3
Jason Moore,3
Chris Robinson,3
Erik White,3
John Fortenberry,3
John Hoffman,3
George Cukor,3
Matt Dillon,3
Brian A Miller,3
Terry George,3
Cory Edwards,3
David Hayter,3
Christian Volckman,3
Lance Hool,3
Andrea Di Stefano,3
Guillaume Ivernel,3
Todd Lincoln,3
Lance Rivera,3
Jesse Vaughan,3
Jérôme Salle,3
Vicente Amorim,3
Dany Boon,3
Jessy Terrero,3
Kenneth Johnson,3
Susanne Bier,3
Bruce Paltrow,3
Ronald Neame,3
Josef Rusnak,3
Peter Farrelly,3
Allen Coulter,3
Nick Gomez,3
Peter Kosminsky,3
Peter Flinth,3
Diane English,3
Christian E. Christiansen,3
Perry Andelin Blake,3
Cyrus Nowrasteh,3
Michel Hazanavicius,3
Tran Anh Hung,3
Zack Ward,3
Michael J. Bassett,3
Jonathan Teplitzky,3
Jane Clark,3
Daniel Algrant,3
Andrew Jarecki,3
David Anspaugh,3
Matthew Diamond,3
Angelo Pizzo,3
Nancy Walker,3
Charlie Kaufman,3
Mabrouk El Mechri,3
Marc Abraham,3
Benson Lee,3
Dave Borthwick,3
Damon Santostefano,3
Charles T. Kanganis,3
James Mather,3
Mark Mylod,3
George Stevens,3
Dan Scanlon,3
Paul Abascal,3
Peter Hastings,3
Frank Nissen,3
Mike Barker,3
Wayne Thornley,3
Gnana Rajasekaran,3
Ricky Gervais,3
Hal Needham,3
Matthew Robbins,3
István Szabó,3
Jeff Kanew,3
William A. Fraker,3
Brandon Camp,3
Jody Hill,3
Rick Friedberg,3
Audrey Wells,3
Andrew Douglas,3
Tom Walsh,3
James Schamus,3
Emile Ardolino,3
Anthony Mann,3
Brian Percival,3
Alan Yuen,3
Britt Allcroft,3
Rob Hawk,3
Scott Walker,3
Jonathan Jakubowicz,3
Reinhard Klooss,3
Corey Yuen,3
Wayne Beach,3
Hironobu Sakaguchi,3
Steve Antin,3
Karey Kirkpatrick,3
Robert Butler,3
Kent Alterman,3
Paul King,3
Mike Gabriel,3
Eric Leighton,3
Anthony Hemingway,3
Peter MacDonald,3
Tim Miller,3
Pou-Soi Cheang,3
Tom McGrath,3
Akiva Goldsman,3
Tony Bill,3
Patrick Gilmore,3
Robert Lorenz,3
Jorge Blanco,3
Graham Annable,3
Babak Najafi,3
Geoff Murphy,3
Kevin Donovan,3
David Soren,3
Paul Hunter,3
Kaige Chen,3
George Nolfi,3
John Gray,3
Garth Jennings,3
Melville Shavelson,3
Chris Buck,3
P.J. Hogan,3
Byron Howard,3
Paul Bolger,3
Andrei Tarkovsky,3
Chuck Bowman,3
Hoyt Yeatman,3
Steve Hickner,3
Jennifer Yuh Nelson,3
Steven Seagal,3
Beeban Kidron,3
Alexander Witt,3
Christophe Gans,3
Jorge R. Gutiérrez,3
Matthew O'Callaghan,3
Alessandro Carloni,3
Hideo Nakata,3
Peter Ramsey,3
Sam Fell,3
Chris Butler,3
Frédéric Forestier,3
Cedric Nicolas-Troyan,3
Florent-Emilio Siri,3
Stefen Fangmeier,3
David Kellogg,3
Yarrow Cheney,3
Des McAnuff,3
Cody Cameron,3
Andrés Couturier,3
Antony Hoffman,3
Pitof,3
Roger Christian,3
Barry Cook,3
Lucile Hadzihalilovic,3
Vincent Ward,3
Henry Jaglom,3
Patrick Hughes,3
Kelly Asbury,3
Joe Pytka,3
Ash Brannon,3
Michael Patrick King,3
Sarah Smith,3
Wally Pfister,3
David Pastor,3
Kyle Balda,3
Clay Kaytis,3
Joseph Ruben,3
Peter Billingsley,3
Brenda Chapman,3
Demian Lichtenstein,3
Marco Schnabel,3
Stuart Beattie,3
Noam Murro,3
Scott Waugh,3
Doug Lefler,3
Kinka Usher,3
Phil Alden Robinson,3
David Silverman,3
Kerry Conran,3
Mikael Salomon,3
Wych Kaosayananda,3
Gary McKendry,3
Måns Mårlind,3
Bo Welch,3
Gary Shore,3
Christopher Barnard,3
Paul Tibbitt,3
Susan Stroman,3
Lawrence Kasanoff,3
Norman Ferguson,3
Lexi Alexander,3
Michael McCullers,3
Rupert Sanders,3
Stig Bergqvist,3
Stephen Hillenburg,3
Michael Sucsy,3
John Francis Daley,3
Nanette Burstein,3
Tom Reeve,3
Don Scardino,3
Miguel Sapochnik,3
John Gatins,3
Justin Zackham,3
Rupert Wainwright,3
Richard Marquand,3
Jonathan Hensleigh,3
Joe Charbanic,3
Scott Speer,3
Chris Gorak,3
Jeremy Degruson,3
Hugh Johnson,3
Joachim Rønning,3
Forest Whitaker,3
Peter Lepeniotis,3
Ted Demme,3
Nick Hurran,3
Richard J. Lewis,3
Mike Disa,3
Nick Hamm,3
Chris Roberts,3
Bruce Hunt,3
Willard Huyck,3
Ellory Elkayem,3
Kevin Hooks,3
Jean-François Richet,3
Alister Grierson,3
William Shatner,3
Troy Miller,3
Stephen J. Anderson,3
Martha Coolidge,3
Shane Acker,3
Liz Friedlander,3
Paul Michael Glaser,3
Drew Goddard,3
James Gartner,3
Steve Box,3
Moustapha Akkad,3
Hark Tsui,3
Joseph L. Mankiewicz,3
Robert Stromberg,3
Jeff Nathanson,3
Peter Ho-Sun Chan,3
Marc F. Adler,3
Mic Rodgers,3
Ulu Grosbard,3
Charles Shyer,3
Elaine May,3
Pat O'Connor,3
Kelly Makin,3
Diane Keaton,3
Joan Chen,3
Paul Weiland,3
Alejandro Agresti,3
Cal Brunker,3
Mark A.Z. Dippé,3
Etan Cohen,3
Asger Leth,3
Gordon Chan,3
Jamel Debbouze,3
Sngmoo Lee,3
Annabel Jankel,3
S.S. Rajamouli,3
Charles S. Dutton,3
David Carson,3
Gary David Goldberg,3
Peter Yates,3
Kimble Rendall,3
Allen Hughes,3
Gary Chapman,3
Peter Landesman,3
Chris Carter,3
Mike Hodges,3
Steven E. de Souza,3
Alan Poul,3
Patrick Tatopoulos,3
Yuefeng Song,3
Wilson Yip,3
Fedor Bondarchuk,3
Christian Ditter,3
Carl Rinsch,3
Jennifer Flackett,3
J Blakeson,3
Don Hall,3
Rich Moore,3
David Mirkin,3
William Bindley,3
Gérard Krawczyk,3
George Jackson,3
Tomm Moore,3
Anna Boden,3
Duke Johnson,3
Fina Torres,3
Erik Canuel,3
Mary Harron,3
Jonas Elmer,3
Doug Atchison,3
Peter R. Hunt,3
Justin Tipping,3
Ken Shapiro,3
Tom Gormican,3
Masayuki Ochiai,3
Martin Lawrence,3
Don Siegel,3
Jonathan Dayton,3
Dan Gilroy,3
James Frawley,3
Serdar Akar,3
Mervyn LeRoy,3
Ayan Mukerji,3
Ken Loach,3
Michael Winner,3
David Jacobson,3
Kim Farrant,3
Edward Hall,3
Dennis Gansel,3
Vincent Paronnaud,3
Siddharth Anand,3
Jeta Amata,3
Sacha Bennett,3
Claude Miller,3
Russell Holt,3
Charles Robert Carner,3
David Oelhoffen,3
Stanley Tong,3
Michael Winnick,3
David Webb Peoples,3
James Nunn,3
Keith Parmer,3
Charles Binamé,3
Claudia Llosa,3
Robert Moresco,3
Marc Schölermann,3
Andrew Wilson,3
Andrew Currie,3
Keith Gordon,3
Vipul Amrutlal Shah,3
Woo-Suk Kang,3
Tom Elkins,3
Vondie Curtis-Hall,3
Ben Younger,3
Kris Isacsson,3
Ferzan Ozpetek,3
Floria Sigismondi,3
Kriv Stenders,3
Anurag Basu,3
Gerald Potterton,3
Pedro Almodóvar,3
Valeri Milev,3
Gary Sherman,3
Sarik Andreasyan,3
Andy Garcia,3
William Phillips,3
Jim Issa,3
Jason Connery,3
Benedikt Erlingsson,3
Taedong Park,3
Kari Skogland,3
Robert Adetuyi,3
Michael Clancy,3
Andrew Traucki,3
Daniel Taplitz,3
Linda Mendoza,3
Hart Bochner,3
Roland Suso Richter,3
Ari Sandel,3
Nils Gaup,3
Roger Vadim,3
David E. Talbert,3
Mark Rydell,3
Ekachai Uekrongtham,3
Joby Harold,3
Maïwenn,3
Jeremy Sims,3
Martyn Pick,3
Hong-jin Na,3
Peter Faiman,3
Emily Young,3
André Téchiné,3
Meiert Avis,3
Ole Christian Madsen,3
Marc Forby,3
Eric Lavaine,3
Dario Argento,3
Chatrichalerm Yukol,3
Daniel Barber,3
Robert Marcarelli,3
Nathan Greno,3
Risa Bramon Garcia,3
Gary Sinyor,3
Prachya Pinkaew,3
Christopher M. Bessette,3
Charles Matthau,3
Martin Koolhoven,3
Kate Barker-Froyland,3
Jake Goldberger,3
Perry Lang,3
Greg Marcks,3
S.R. Bindler,3
Joey Lauren Adams,3
Rick Bieber,3
Sylvio Tabet,3
Michael Crichton,3
David Atkins,3
Mark Tarlov,3
Zach Cregger,3
Deb Hagan,3
John Michael McDonagh,3
Raymond De Felitta,3
Matt Piedmont,3
Ashish R. Mohan,3
Darren Grant,3
Joseph Gordon-Levitt,3
Rohan Sippy,3
Nat Faxon,3
David Gelb,3
Christopher Landon,3
Patty Jenkins,3
Henry Koster,3
Eugenio Derbez,3
Stiles White,3
David F. Sandberg,3
Dan Trachtenberg,3
Liv Ullmann,3
William Sachs,3
Michael McGowan,3
Jon Wright,3
George Ratliff,3
Collin Schiffli,3
Rakeysh Omprakash Mehra,3
Hitoshi Matsumoto,3
Aki Kaurismäki,3
Émile Gaudreault,3
Christophe Barratier,3
Brian Klugman,3
Jean-Jacques Mantello,3
Adam Brooks,3
Dominique Othenin-Girard,3
Richard Rich,3
Vladlen Barbe,3
David Lam,3
Richard E. Grant,3
Stephen Milburn Anderson,3
Aleksey German,3
Thaddeus O'Sullivan,3
Spencer Susser,3
Alex Zamm,3
Bob Gosse,3
Dick Richards,3
Tim Chambers,3
John Stephenson,3
Kevin Brodie,3
Tony Maylam,3
Tom Ford,3
Aaron Schneider,3
Sharron Miller,3
Matt Bettinelli-Olpin,3
Don Kempf,3
Michael Anderson,3
Robert C. Cooper,3
Kim Nguyen,3
Jackie Earle Haley,3
Hans Petter Moland,3
Rusty Cundieff,3
Sammo Kam-Bo Hung,3
Fred Savage,3
Gary Hardwick,3
Jerome Robbins,3
Robert Stevenson,3
Wolfgang Becker,3
Ian Sharp,3
Oren Moverman,3
Sterling Van Wagenen,3
Max Färberböck,3
Caroline Link,3
Louis Morneau,3
Alan Alda,3
Luis Valdez,3
Rachel Perkins,3
Ian Fitzgibbon,3
Mark Tonderai,3
Damian Nieman,3
Arie Posin,3
Álex de la Iglesia,3
Katherine Dieckmann,3
Udayan Prasad,3
John Lafia,3
Kirk Wong,3
Eric Bress,3
Gene Quintano,3
Ed Decter,3
Theodore Melfi,3
Bo Zenga,3
Chao-Bin Su,3
Alain Resnais,3
James Fargo,3
Stephen Carpenter,3
Josh Schwartz,3
Emilio Estevez,3
James Isaac,3
Franco Zeffirelli,3
Alan Cohn,3
Vidhu Vinod Chopra,3
John Cornell,3
John Blanchard,3
Peter Cousens,3
Gilles Paquet-Brenner,3
Gregory Jacobs,3
Bronwen Hughes,3
Alex Garland,3
Julio DePietro,3
Lenny Abrahamson,3
Nima Nourizadeh,3
Mike McCoy,3
John Badham,3
Stéphane Aubier,3
Je-kyu Kang,3
Ethan Maniquis,3
Abel Ferrara,3
John Cromwell,3
Stewart Hendler,3
Benedek Fliegauf,3
John Stainton,3
John H. Lee,3
Joe Cornish,3
Jon Hess,3
Stephen Chbosky,3
Paul Mazursky,3
Patrice Leconte,3
Jez Butterworth,3
Blair Hayes,3
Mark Christopher,3
Craig Bolotin,3
Julien Temple,3
Tung-Shing Yee,3
Daniele Luchetti,3
Gerry Lively,3
Albert Brooks,3
Drew Barrymore,3
Bryan Barber,3
Catherine Owens,3
Tom Green,3
David Nutter,3
Peter Atencio,3
John Bonito,3
John Ottman,3
Martin Weisz,3
Joe Berlinger,3
Phil Traill,3
Juan Carlos Fresnadillo,3
Sara Sugarman,3
Rick Rosenthal,3
Matt Williams,3
Joel Gallen,3
Michael Dougherty,3
Jim Fall,3
Andrés Muschietti,3
JK Youn,3
Steve Gomer,3
RZA,3
Mark Piznarski,3
Hsiao-Hsien Hou,3
Gabe Ibáñez,3
Anthony Silverston,3
Juraj Jakubisko,3
Jake Paltrow,3
Dito Montiel,3
Darrell Roodt,3
Ryûhei Kitamura,3
Tony Jaa,3
Andrey Zvyagintsev,3
Fritz Lang,3
Mort Nathan,3
Khalil Sullins,3
Antonio Banderas,3
Michael Chapman,3
Katja von Garnier,3
Rodman Flender,3
Peter Kassovitz,3
Vicky Jenson,3
Tina Gordon Chism,3
Wil Shriner,3
David Moreau,3
Christopher Erskin,3
Brian Henson,3
Leigh Whannell,3
Jason Bateman,3
Scott Kalvert,3
François Girard,3
Timothy Björklund,3
Marcus Dunstan,3
Lorene Scafaria,3
Jeff Lowell,3
Jorma Taccone,3
Michael Patrick Jann,3
Jim Hanon,3
Theodore Witcher,3
Tuck Tucker,3
Neal Brennan,3
Robert Ben Garant,3
Rob Schmidt,3
Patricia Rozema,3
Leon Ichaso,3
Olatunde Osunsanmi,3
Ciarán Foy,3
David Lowery,3
Greg Coolidge,3
Allan Arkush,3
Dan Fogelman,3
Luca Guadagnino,3
Bigas Luna,3
Michael Meredith,3
Arthur Hiller,3
Rafa Lara,3
Alan Metter,3
Jake Scott,3
Bobcat Goldthwait,3
Mel Smith,3
Dan Harris,3
Ralph Fiennes,3
Jon Stewart,3
John Putch,3
Joshua Seftel,3
Derrick Borte,3
Rakesh Roshan,3
Eric Blakeney,3
Jason Zada,3
Tom Brady,3
Harley Cokeliss,3
Terence Davies,3
Peter Medak,3
Bob Dolman,3
Chuck Sheetz,3
Dan Cutforth,3
Ken Annakin,3
Timothy Hines,3
Takashi Yamazaki,3
Lijun Sun,3
Chuan Lu,3
Alan Rudolph,3
Lajos Koltai,3
Takeshi Kitano,3
Peter Care,3
Paolo Sorrentino,3
Jon Poll,3
Antonia Bird,3
Fred Schepisi,3
Scott Alexander,3
Darnell Martin,3
Dean Israelite,3
Nicholas Jarecki,3
Wallace Wolodarsky,3
Lionel C. Martin,3
Ernest R. Dickerson,3
Cheryl Dunye,3
Josh Boone,3
David Winters,3
Jamie Thraves,3
Mabel Cheung,3
Agnieszka Holland,3
Shintaro Shimosawa,3
Dean Wright,3
Sajid Khan,3
Floyd Mutrux,3
Jon Kasdan,3
Ruairi Robinson,3
Ray Lawrence,3
Lisa Azuelos,3
Giuliano Montaldo,3
William A. Graham,3
Dan Mazer,3
Philip Saville,3
Dewey Nicks,3
Gregory Poirier,3
Dustin Hoffman,3
Brendan Malloy,3
John Crowley,3
Rob Pritts,3
David S. Ward,3
R.J. Cutler,3
Daniel Hsia,3
